{
	"fx":817.326,
	"fy":817.889,
	"cx":329.199,
	"cy":249.659,
	"k1":-0.0175,
	"k2":0.000408,
	"p1":0.00287,
	"p2":0.00283,
	"k3":0.226413772,
	"width":640,
	"height":480,
	"focusPos":55000
}