{
	"fx":3.20512987e+03,
	"fy":3.17391061e+03,
	"cx":1.99443897e+03,
	"cy":1.41309060e+03,
	"k1":4.189866e-01,
	"k2":-3.496832e+00,
	"p1":-1.239132e-02,
	"p2":-1.649367e-03,
	"k3":1.055315e+01,
	"width":4032,
	"height":3024,
	"focusPos":0
}