{
	"fx":1973.79552,
	"fy":1968.77287,
	"cx":306.5967,
	"cy":251.25286,
	"k1":-0.3698,
	"k2":-1.09524,
	"p1":0.0004,
	"p2":0.00024,
	"k3":0,
	"width":640,
	"height":512,
	"focusPos":0
}