{
	"fx":7.8000711539755343e+02,
	"fy":7.7985616342496871e+02,
	"cx":6.3015409192633797e+02,
	"cy":3.6939970372533031e+02,
	"k1":-8.8697836502641528e-02,
	"k2":2.9914271214666183e-01,
	"p1":1.4877621735374308e-03,
	"p2":1.1064233887028141e-03,
	"k3":-2.8278850438587200e-01,
	"width":1280,
	"height":720,
	"focusPos":0
}